,src\GIS_Source_Code\SourceCode\Batch\GIS.ChkStatus
,src\GIS_Source_Code\SourceCode\Batch\GIS.ChkStatus\Common.DataAccess
,src\GIS_Source_Code\SourceCode\Batch\GIS.ChkStatus\Common.DataAccess
,src\GIS_Source_Code\SourceCode\Batch\GIS.ChkStatus\Common.DataAccess\Base
Common.DataAccess.dll,src\GIS_Source_Code\SourceCode\Batch\GIS.ChkStatus\Common.DataAccess\bin\Debug
Common.DataAccess.pdb,src\GIS_Source_Code\SourceCode\Batch\GIS.ChkStatus\Common.DataAccess\bin\Debug
Dapper.dll,src\GIS_Source_Code\SourceCode\Batch\GIS.ChkStatus\Common.DataAccess\bin\Debug
Dapper.xml,src\GIS_Source_Code\SourceCode\Batch\GIS.ChkStatus\Common.DataAccess\bin\Debug
DapperHelper.cs,src\GIS_Source_Code\SourceCode\Batch\GIS.ChkStatus\Common.DataAccess\MSSQL
Encode.cs,src\GIS_Source_Code\SourceCode\Batch\GIS.ChkStatus\Common.DataAccess\MSSQL
SqlHelper.cs,src\GIS_Source_Code\SourceCode\Batch\GIS.ChkStatus\Common.DataAccess\MSSQL
Common.DataAccess.csproj.CopyComplete,src\GIS_Source_Code\SourceCode\Batch\GIS.ChkStatus\Common.DataAccess\obj\Debug
Common.DataAccess.csproj.CoreCompileInputs.cache,src\GIS_Source_Code\SourceCode\Batch\GIS.ChkStatus\Common.DataAccess\obj\Debug
Common.DataAccess.csproj.FileListAbsolute.txt,src\GIS_Source_Code\SourceCode\Batch\GIS.ChkStatus\Common.DataAccess\obj\Debug
Common.DataAccess.csprojAssemblyReference.cache,src\GIS_Source_Code\SourceCode\Batch\GIS.ChkStatus\Common.DataAccess\obj\Debug
Common.DataAccess.csprojResolveAssemblyReference.cache,src\GIS_Source_Code\SourceCode\Batch\GIS.ChkStatus\Common.DataAccess\obj\Debug
Common.DataAccess.dll,src\GIS_Source_Code\SourceCode\Batch\GIS.ChkStatus\Common.DataAccess\obj\Debug
Common.DataAccess.pdb,src\GIS_Source_Code\SourceCode\Batch\GIS.ChkStatus\Common.DataAccess\obj\Debug
DesignTimeResolveAssemblyReferencesInput.cache,src\GIS_Source_Code\SourceCode\Batch\GIS.ChkStatus\Common.DataAccess\obj\Debug
TemporaryGeneratedFile_036C0B5B-1481-4323-8D20-8F5ADCB23D92.cs,src\GIS_Source_Code\SourceCode\Batch\GIS.ChkStatus\Common.DataAccess\obj\Debug
TemporaryGeneratedFile_5937a670-0e60-4077-877b-f7221da3dda1.cs,src\GIS_Source_Code\SourceCode\Batch\GIS.ChkStatus\Common.DataAccess\obj\Debug
TemporaryGeneratedFile_E7A71F73-0F8D-4B9B-B56E-8E70B10BC5D3.cs,src\GIS_Source_Code\SourceCode\Batch\GIS.ChkStatus\Common.DataAccess\obj\Debug
AssemblyInfo.cs,src\GIS_Source_Code\SourceCode\Batch\GIS.ChkStatus\Common.DataAccess\Properties
App.config,src\GIS_Source_Code\SourceCode\Batch\GIS.ChkStatus\GIS.ChkStatus
GIS.ChkStatus.csproj,src\GIS_Source_Code\SourceCode\Batch\GIS.ChkStatus\GIS.ChkStatus
GIS.ChkStatus.csproj.user,src\GIS_Source_Code\SourceCode\Batch\GIS.ChkStatus\GIS.ChkStatus
GIS.ChkStatus_TemporaryKey.pfx,src\GIS_Source_Code\SourceCode\Batch\GIS.ChkStatus\GIS.ChkStatus
Program.cs,src\GIS_Source_Code\SourceCode\Batch\GIS.ChkStatus\GIS.ChkStatus
Common.DataAccess.dll,src\GIS_Source_Code\SourceCode\Batch\GIS.ChkStatus\GIS.ChkStatus\bin\Debug
Common.DataAccess.pdb,src\GIS_Source_Code\SourceCode\Batch\GIS.ChkStatus\GIS.ChkStatus\bin\Debug
Dapper.dll,src\GIS_Source_Code\SourceCode\Batch\GIS.ChkStatus\GIS.ChkStatus\bin\Debug
Dapper.xml,src\GIS_Source_Code\SourceCode\Batch\GIS.ChkStatus\GIS.ChkStatus\bin\Debug
GIS.ChkStatus.application,src\GIS_Source_Code\SourceCode\Batch\GIS.ChkStatus\GIS.ChkStatus\bin\Debug
GIS.ChkStatus.exe,src\GIS_Source_Code\SourceCode\Batch\GIS.ChkStatus\GIS.ChkStatus\bin\Debug
GIS.ChkStatus.exe.config,src\GIS_Source_Code\SourceCode\Batch\GIS.ChkStatus\GIS.ChkStatus\bin\Debug
GIS.ChkStatus.exe.manifest,src\GIS_Source_Code\SourceCode\Batch\GIS.ChkStatus\GIS.ChkStatus\bin\Debug
GIS.ChkStatus.pdb,src\GIS_Source_Code\SourceCode\Batch\GIS.ChkStatus\GIS.ChkStatus\bin\Debug
GIS.ChkStatus.exe,src\GIS_Source_Code\SourceCode\Batch\GIS.ChkStatus\GIS.ChkStatus\bin\Debug\app.publish
ENCODE.exe,src\GIS_Source_Code\SourceCode\Batch\GIS.ChkStatus\GIS.ChkStatus\bin\Debug\ENCODE
ENCODE.exe.config,src\GIS_Source_Code\SourceCode\Batch\GIS.ChkStatus\GIS.ChkStatus\bin\Debug\ENCODE
ENCODE.pdb,src\GIS_Source_Code\SourceCode\Batch\GIS.ChkStatus\GIS.ChkStatus\bin\Debug\ENCODE
DataConfig.cs,src\GIS_Source_Code\SourceCode\Batch\GIS.ChkStatus\GIS.ChkStatus\BSAE
StoreProcedures.cs,src\GIS_Source_Code\SourceCode\Batch\GIS.ChkStatus\GIS.ChkStatus\BSAE
StatusClass.cs,src\GIS_Source_Code\SourceCode\Batch\GIS.ChkStatus\GIS.ChkStatus\DataClass
GISAdapter.cs,src\GIS_Source_Code\SourceCode\Batch\GIS.ChkStatus\GIS.ChkStatus\MSSQL
DesignTimeResolveAssemblyReferencesInput.cache,src\GIS_Source_Code\SourceCode\Batch\GIS.ChkStatus\GIS.ChkStatus\obj\Debug
GIS.ChkStatus.application,src\GIS_Source_Code\SourceCode\Batch\GIS.ChkStatus\GIS.ChkStatus\obj\Debug
GIS.ChkStatus.csproj.CopyComplete,src\GIS_Source_Code\SourceCode\Batch\GIS.ChkStatus\GIS.ChkStatus\obj\Debug
GIS.ChkStatus.csproj.CoreCompileInputs.cache,src\GIS_Source_Code\SourceCode\Batch\GIS.ChkStatus\GIS.ChkStatus\obj\Debug
GIS.ChkStatus.csproj.FileListAbsolute.txt,src\GIS_Source_Code\SourceCode\Batch\GIS.ChkStatus\GIS.ChkStatus\obj\Debug
GIS.ChkStatus.csprojAssemblyReference.cache,src\GIS_Source_Code\SourceCode\Batch\GIS.ChkStatus\GIS.ChkStatus\obj\Debug
GIS.ChkStatus.exe,src\GIS_Source_Code\SourceCode\Batch\GIS.ChkStatus\GIS.ChkStatus\obj\Debug
GIS.ChkStatus.exe.manifest,src\GIS_Source_Code\SourceCode\Batch\GIS.ChkStatus\GIS.ChkStatus\obj\Debug
GIS.ChkStatus.pdb,src\GIS_Source_Code\SourceCode\Batch\GIS.ChkStatus\GIS.ChkStatus\obj\Debug
AssemblyInfo.cs,src\GIS_Source_Code\SourceCode\Batch\GIS.ChkStatus\GIS.ChkStatus\Properties
.signature.p7s,src\GIS_Source_Code\SourceCode\Batch\GIS.ChkStatus\packages\Dapper.1.50.2
Dapper.1.50.2.nupkg,src\GIS_Source_Code\SourceCode\Batch\GIS.ChkStatus\packages\Dapper.1.50.2
Dapper.dll,src\GIS_Source_Code\SourceCode\Batch\GIS.ChkStatus\packages\Dapper.1.50.2\lib\net40
Dapper.xml,src\GIS_Source_Code\SourceCode\Batch\GIS.ChkStatus\packages\Dapper.1.50.2\lib\net40
Dapper.dll,src\GIS_Source_Code\SourceCode\Batch\GIS.ChkStatus\packages\Dapper.1.50.2\lib\net45
Dapper.xml,src\GIS_Source_Code\SourceCode\Batch\GIS.ChkStatus\packages\Dapper.1.50.2\lib\net45
Dapper.dll,src\GIS_Source_Code\SourceCode\Batch\GIS.ChkStatus\packages\Dapper.1.50.2\lib\net451
Dapper.xml,src\GIS_Source_Code\SourceCode\Batch\GIS.ChkStatus\packages\Dapper.1.50.2\lib\net451
Dapper.dll,src\GIS_Source_Code\SourceCode\Batch\GIS.ChkStatus\packages\Dapper.1.50.2\lib\netstandard1.3
Dapper.xml,src\GIS_Source_Code\SourceCode\Batch\GIS.ChkStatus\packages\Dapper.1.50.2\lib\netstandard1.3
USP_GET_STATUS.sql,src\GIS_Source_Code\SourceCode\SQL\Stored_Procedure

